Country; Country 1; Country2; Country3; Country4
Aruba;;;;ABW
Afghanistan;Islamic Republic of Afghanistan;;;AFG
Angola;Republic of Angola;;;AGO
Anguilla;;;;AIA
�land Islands;;;;ALA
Albania;Republic of Albania;;;ALB
Andorra;Principality of Andorra;;;AND
United Arab Emirates;;;;ARE
Argentina;Argentine Republic;;;ARG
Armenia;Republic of Armenia;;;ARM
American Samoa;;;;ASM
Antarctica;;;;ATA
French Southern Territories;;;;ATF
Antigua and Barbuda;;;;ATG
Australia;;;;AUS
Austria;Republic of Austria;;;AUT
Azerbaijan;Republic of Azerbaijan;;;AZE
Burundi;Republic of Burundi;;;BDI
Belgium;Kingdom of Belgium;;;BEL
Benin;Republic of Benin;;;BEN
Bonaire;Sint Eustatius and Saba;Bonaire;Sint Eustatius and Saba;BES
Burkina Faso;;;;BFA
Bangladesh;People's Republic of Bangladesh;;;BGD
Bulgaria;Republic of Bulgaria;;;BGR
Bahrain;Kingdom of Bahrain;;;BHR
Bahamas;Commonwealth of the Bahamas;;;BHS
Bosnia and Herzegovina;;;;BIH
Saint Barth�lemy;;;;BLM
Belarus;Republic of Belarus;;;BLR
Belize;;;;BLZ
Bermuda;;;;BMU
Bolivia;Plurinational State of;Plurinational State of Bolivia;;BOL
Brazil;Federative Republic of Brazil;;;BRA
Barbados;;;;BRB
Brunei;Brunei Darussalam;;;BRN
Bhutan;Kingdom of Bhutan;;;BTN
Bouvet Island;;;;BVT
Botswana;Republic of Botswana;;;BWA
Central African Republic;;;;CAF
Canada;;;;CAN
Cocos (Keeling) Islands;;;;CCK
Switzerland;Swiss Confederation;;;CHE
Chile;Republic of Chile;;;CHL
China;People's Republic of China;;;CHN
C�te d'Ivoire;Republic of C�te d'Ivoire;Cote d'Ivoire;;CIV
Cameroon;Republic of Cameroon;;;CMR
Congo;The Democratic Republic of the;Congo Republic of the;;COD
Congo;Republic of the Congo;Congo Democratic Republic of the;;COG
Cook Islands;;;;COK
Colombia;Republic of Colombia;;;COL
Comoros;Union of the Comoros;;;COM
Cabo Verde;Republic of Cabo Verde;;;CPV
Costa Rica;Republic of Costa Rica;;;CRI
Cuba;Republic of Cuba;;;CUB
Cura�ao;Cura�ao;;;CUW
Christmas Island;;;;CXR
Cayman Islands;;;;CYM
Cyprus;Republic of Cyprus;;;CYP
Czechia;Czech Republic;;;CZE
Germany;Federal Republic of Germany;;;DEU
Djibouti;Republic of Djibouti;;;DJI
Dominica;Commonwealth of Dominica;;;DMA
Denmark;Kingdom of Denmark;;;DNK
Dominican Republic;;;;DOM
Algeria;People's Democratic Republic of Algeria;;;DZA
Ecuador;Republic of Ecuador;;;ECU
Egypt;Arab Republic of Egypt;;;EGY
Eritrea;the State of Eritrea;;;ERI
Western Sahara;;;;ESH
Spain;Kingdom of Spain;;;ESP
Estonia;Republic of Estonia;;;EST
Ethiopia;Federal Democratic Republic of Ethiopia;;;ETH
Finland;Republic of Finland;;;FIN
Fiji;Republic of Fiji;;;FJI
Falkland Islands (Malvinas);Falkland Islands (Islas Malvinas);;;FLK
France;French Republic;;;FRA
Faroe Islands;;;;FRO
Micronesia;Federated States of;Federated States of Micronesia;Micronesia Federated States of;FSM
Gabon;Gabonese Republic;;;GAB
United Kingdom;United Kingdom of Great Britain and Northern Ireland;;;GBR
Georgia;;;;GEO
Guernsey;;;;GGY
Ghana;Republic of Ghana;;;GHA
Gibraltar;;;;GIB
Guinea;Republic of Guinea;;;GIN
Guadeloupe;;;;GLP
Gambia;Republic of the Gambia;;;GMB
Guinea-Bissau;Republic of Guinea-Bissau;;;GNB
Equatorial Guinea;Republic of Equatorial Guinea;;;GNQ
Greece;Hellenic Republic;;;GRC
Grenada;;;;GRD
Greenland;;;;GRL
Guatemala;Republic of Guatemala;;;GTM
French Guiana;;;;GUF
Guam;;;;GUM
Guyana;Republic of Guyana;;;GUY
Hong Kong;Hong Kong Special Administrative Region of China;;;HKG
Heard Island and McDonald Islands;;;;HMD
Honduras;Republic of Honduras;;;HND
Croatia;Republic of Croatia;;;HRV
Haiti;Republic of Haiti;;;HTI
Hungary;Hungary;;;HUN
Indonesia;Republic of Indonesia;;;IDN
Isle of Man;;;;IMN
India;Republic of India;;;IND
British Indian Ocean Territory;;;;IOT
Ireland;;;;IRL
Iran;Islamic Republic of;Islamic Republic of Iran;;IRN
Iraq;Republic of Iraq;;;IRQ
Iceland;Republic of Iceland;;;ISL
Israel;State of Israel;;;ISR
Italy;Italian Republic;;;ITA
Jamaica;;;;JAM
Jersey;;;;JEY
Jordan;Hashemite Kingdom of Jordan;;;JOR
Japan;;;;JPN
Kazakhstan;Republic of Kazakhstan;;;KAZ
Kenya;Republic of Kenya;;;KEN
Cambodia;Kingdom of Cambodia;;;KHM
Kiribati;Republic of Kiribati;;;KIR
Saint Kitts and Nevis;;;;KNA
Korea;Korea South;;;KOR
Kuwait;State of Kuwait;;;KWT
Laos;Lao People's Democratic Republic;;;LAO
Lebanon;Lebanese Republic;;;LBN
Liberia;Republic of Liberia;;;LBR
Libya;Libya;;;LBY
Saint Lucia;;;;LCA
Liechtenstein;Principality of Liechtenstein;;;LIE
Sri Lanka;Democratic Socialist Republic of Sri Lanka;;;LKA
Lesotho;Kingdom of Lesotho;;;LSO
Lithuania;Republic of Lithuania;;;LTU
Luxembourg;Grand Duchy of Luxembourg;;;LUX
Latvia;Republic of Latvia;;;LVA
Macao;Macao Special Administrative Region of China;;;MAC
Saint Martin (French part);;;;MAF
Morocco;Kingdom of Morocco;;;MAR
Monaco;Principality of Monaco;;;MCO
Moldova;Republic of;Republic of Moldova;;MDA
Madagascar;Republic of Madagascar;;;MDG
Maldives;Republic of Maldives;;;MDV
Mexico;United Mexican States;;;MEX
Marshall Islands;Republic of the Marshall Islands;;;MHL
North Macedonia;Republic of North Macedonia;;;MKD
Mali;Republic of Mali;;;MLI
Malta;;;;MLT
Myanmar;Republic of Myanmar;;;MMR
Montenegro;Montenegro;;;MNE
Mongolia;;;;MNG
Northern Mariana Islands;Commonwealth of the Northern Mariana Islands;;;MNP
Mozambique;Republic of Mozambique;;;MOZ
Mauritania;Islamic Republic of Mauritania;;;MRT
Montserrat;;;;MSR
Martinique;;;;MTQ
Mauritius;Republic of Mauritius;;;MUS
Malawi;Republic of Malawi;;;MWI
Malaysia;;;;MYS
Mayotte;;;;MYT
Namibia;Republic of Namibia;;;NAM
New Caledonia;;;;NCL
Niger;Republic of the Niger;;;NER
Norfolk Island;;;;NFK
Nigeria;Federal Republic of Nigeria;;;NGA
Nicaragua;Republic of Nicaragua;;;NIC
Niue;Niue;;;NIU
Netherlands;Kingdom of the Netherlands;;;NLD
Norway;Kingdom of Norway;;;NOR
Nepal;Federal Democratic Republic of Nepal;;;NPL
Nauru;Republic of Nauru;;;NRU
New Zealand;;;;NZL
Oman;Sultanate of Oman;;;OMN
Pakistan;Islamic Republic of Pakistan;;;PAK
Panama;Republic of Panama;;;PAN
Pitcairn;;;;PCN
Peru;Republic of Peru;;;PER
Philippines;Republic of the Philippines;;;PHL
Palau;Republic of Palau;;;PLW
Papua New Guinea;Independent State of Papua New Guinea;;;PNG
Poland;Republic of Poland;;;POL
Puerto Rico;;;;PRI
Korea;Democratic People's Republic of;Korea North;North Korea;PRK
Portugal;Portuguese Republic;;;PRT
Paraguay;Republic of Paraguay;;;PRY
Palestine;State of;the State of Palestine;PSE;PSE
French Polynesia;;;;PYF
Qatar;State of Qatar;;;QAT
R�union;;;;REU
Romania;;;;ROU
Russian Federation;Russia;;;RUS
Rwanda;Rwandese Republic;;;RWA
Saudi Arabia;Kingdom of Saudi Arabia;;;SAU
Sudan;Republic of the Sudan;;;SDN
Senegal;Republic of Senegal;;;SEN
Singapore;Republic of Singapore;;;SGP
South Georgia and the South Sandwich Islands;;;;SGS
Saint Helena;Ascension and Tristan da Cunha;;;SHN
Svalbard and Jan Mayen;;;;SJM
Solomon Islands;;;;SLB
Sierra Leone;Republic of Sierra Leone;;;SLE
El Salvador;Republic of El Salvador;;;SLV
San Marino;Republic of San Marino;;;SMR
Somalia;Federal Republic of Somalia;;;SOM
Saint Pierre and Miquelon;;;;SPM
Serbia;Republic of Serbia;;;SRB
South Sudan;Republic of South Sudan;;;SSD
Sao Tome and Principe;Democratic Republic of Sao Tome and Principe;;;STP
Suriname;Republic of Suriname;;;SUR
Slovakia;Slovak Republic;;;SVK
Slovenia;Republic of Slovenia;;;SVN
Sweden;Kingdom of Sweden;;;SWE
Eswatini;Kingdom of Eswatini;;;SWZ
Sint Maarten (Dutch part);Sint Maarten (Dutch part);;;SXM
Seychelles;Republic of Seychelles;;;SYC
Syria;Syrian Arab Republic;;;SYR
Turks and Caicos Islands;;;;TCA
Chad;Republic of Chad;;;TCD
Togo;Togolese Republic;;;TGO
Thailand;Kingdom of Thailand;;;THA
Tajikistan;Republic of Tajikistan;;;TJK
Tokelau;;;;TKL
Turkmenistan;;;;TKM
Timor-Leste;Democratic Republic of Timor-Leste;;;TLS
Tonga;Kingdom of Tonga;;;TON
Trinidad and Tobago;Republic of Trinidad and Tobago;;;TTO
Tunisia;Republic of Tunisia;;;TUN
Turkey;Republic of Turkey;;;TUR
Tuvalu;;;;TUV
Taiwan;Province of China;Taiwan;Province of China;TWN
Tanzania;United Republic of;United Republic of Tanzania;;TZA
Uganda;Republic of Uganda;;;UGA
Ukraine;;;;UKR
United States Minor Outlying Islands;;;;UMI
Uruguay;Eastern Republic of Uruguay;;;URY
United States;United States of America;;;USA
Uzbekistan;Republic of Uzbekistan;;;UZB
Holy See (Vatican City State);;;;VAT
Saint Vincent and the Grenadines;;;;VCT
Venezuela;Bolivarian Republic of;Bolivarian Republic of Venezuela;;VEN
Virgin Islands;British;British Virgin Islands;;VGB
Virgin Islands;U.S.;Virgin Islands of the United States;;VIR
Viet Nam;Socialist Republic of Viet Nam;Vietnam;;VNM
Vanuatu;Republic of Vanuatu;;;VUT
Wallis and Futuna;;;;WLF
Samoa;Independent State of Samoa;;;WSM
Yemen;Republic of Yemen;;;YEM
South Africa;Republic of South Africa;;;ZAF
Zambia;Republic of Zambia;;;ZMB
Zimbabwe;Republic of Zimbabwe;;;ZWE
Kyrgyzstan;;;;KGZ
